rank,word,count
1,design,6815
2,architecture,6451
3,climate,3851
4,change,2206
5,environmental,2136
6,urban,1944
7,architectural,1916
8,building,1806
9,community,1316
10,social,1303
11,project,1236
12,systems,1203
13,energy,1194
14,material,1166
15,environment,1146
16,city,1059
17,sustainable,932
18,site,873
19,public,872
20,future,864
21,practice,860
22,projects,837
23,built,835
24,landscape,765
25,global,761
26,planning,760
27,sustainability,757
28,materials,742
29,infrastructure,735
30,construction,716
31,society,702
32,cultural,692
33,world,672
34,carbon,669
35,architects,656
36,critical,655
37,human,632
38,justice,628
39,history,622
40,ecological,622
41,including,615
42,water,606
43,communities,600
44,state,599
45,american,596
46,cities,589
47,buildings,576
48,technology,575
49,issues,571
50,time,566
51,local,558
52,impact,556
53,experience,548
54,challenges,546
55,scale,542
56,space,538
57,housing,537
58,science,523
59,architect,516
60,knowledge,511
61,performance,495
62,spatial,480
63,resources,461
64,data,456
65,approach,455
66,health,455
67,resilience,452
68,practices,443
69,conditions,442
70,economic,441
71,life,440
72,natural,440
73,texas,417
74,art,411
75,level,403
76,national,403
77,nature,399
78,current,398
79,international,392
80,land,386
81,york,381
82,tools,377
83,engage,376
84,urbanism,372
85,present,372
86,explore,370
87,production,366
88,questions,356
89,political,354
90,place,353
91,taught,351
92,model,349
93,policy,349
94,environments,347
95,system,343
96,theory,343
97,create,341
98,engagement,340
99,thinking,340
100,build,336
101,crisis,334
102,existing,333
103,arts,333
104,spaces,332
105,solutions,329
106,impacts,320
107,equity,316
108,form,315
109,green,314
110,culture,313
111,making,312
112,contemporary,311
113,mapping,311
114,digital,311
115,engineering,310
116,collaboration,309
117,framework,307
118,people,304
119,industry,304
120,foundation,303
121,technical,303
122,power,302
123,heat,302
124,futures,295
125,potential,293
126,sites,292
127,structure,291
128,collaborative,288
129,scales,286
130,region,285
131,regional,285
132,physical,279
133,focused,269
134,resilient,269
135,complex,264
136,innovative,264
137,adaptation,263
138,collective,261
139,chair,260
140,models,259
141,living,258
142,washington,258
143,lab,257
144,oil,256
145,forms,254
146,historical,253
147,challenge,249
148,ecology,249
149,areas,247
150,post,246
151,earth,245
152,united,237
153,techniques,236
154,food,236
155,management,236
156,area,234
157,landscapes,234
158,multiple,233
159,programs,230
160,century,229
161,advanced,227
162,waste,227
163,speculative,227
164,multi,226
165,representation,224
166,technologies,224
167,fabrication,224
168,designed,222
169,sea,221
170,structures,221
171,states,220
172,coastal,219
173,goals,216
174,thermal,216
175,temple,215
176,implementation,215
177,florida,215
178,media,214
179,action,214
180,past,212
181,addressing,212
182,important,211
183,designer,211
184,river,210
185,become,209
186,vernacular,208
187,full,207
188,resource,207
189,california,207
190,innovation,207
191,large,206
192,access,205
193,effects,205
194,problem,204
195,fellow,204
196,ideas,204
197,topic,204
198,extraction,203
199,creative,203
200,integration,202
201,opportunities,201
202,introduction,200
203,application,200
204,disciplinary,199
205,help,199
206,several,199
207,association,199
208,ecologies,199
209,industrial,198
210,members,198
211,south,198
212,published,198
213,october,198
214,range,197
215,diverse,197
216,modern,194
217,bio,193
218,recent,193
219,tech,193
220,value,193
221,designers,193
222,assessment,193
223,content,193
224,proposals,193
225,designing,191
226,campus,191
227,response,191
228,worked,190
229,principles,190
230,required,189
231,expertise,189
232,virginia,189
233,historic,189
234,disciplines,189
235,rise,188
236,significant,188
237,air,187
238,individual,186
239,drawing,186
240,visual,186
241,schools,186
242,leed,186
243,home,186
244,narratives,185
245,set,185
246,order,185
247,small,185
248,book,184
249,reality,182
250,component,181
251,neighborhood,181
252,problems,180
253,opportunity,180
254,infrastructures,179
255,holds,179
256,exhibition,179
257,following,179
258,indigenous,179
259,offer,178
260,needs,178
261,online,178
262,better,177
263,humanities,176
264,adaptive,175
265,particularly,175
266,technological,173
267,san,173
268,west,173
269,examine,172
270,house,172
271,workshops,172
272,broader,171
273,today,171
274,ph,171
275,due,171
276,emissions,171
277,identify,170
278,presentation,170
279,houston,169
280,shared,169
281,partners,169
282,possible,168
283,unique,168
284,los,168
285,structural,168
286,concepts,167
287,organizations,167
288,consider,166
289,larger,166
290,addition,166
291,miami,165
292,active,164
293,drawings,163
294,central,163
295,engaged,162
296,goal,161
297,produce,161
298,section,161
299,emerging,161
300,comprehensive,161
301,zero,161
302,discourse,160
303,agency,160
304,interior,159
305,reuse,159
306,growth,158
307,directly,158
308,angeles,158
309,quality,157
310,cross,157
311,perspectives,157
312,without,157
313,presentations,156
314,inquiry,156
315,infrastructural,156
316,modeling,156
317,harvard,156
318,serve,155
319,aims,155
320,alternative,155
321,museum,155
322,frameworks,155
323,initiative,155
324,socio,155
325,critically,154
326,groups,154
327,works,153
328,teams,153
329,risk,153
330,driven,153
331,teaches,152
332,efforts,152
333,illinois,152
334,labor,151
335,leadership,151
336,experiences,150
337,dc,150
338,climatic,149
339,sciences,148
340,presented,148
341,next,148
342,contexts,148
343,politics,147
344,integrating,147
345,prof,147
346,institutions,147
347,comfort,147
348,feedback,146
349,intersection,146
350,embodied,146
351,look,145
352,changing,145
353,served,145
354,cycle,145
355,economy,145
356,body,144
357,question,144
358,test,144
359,components,144
360,interventions,144
361,regenerative,144
362,designs,143
363,travel,143
364,creating,142
365,boston,142
366,ii,142
367,play,141
368,passive,141
369,histories,140
370,contribute,140
371,face,140
372,particular,140
373,responsive,140
374,perspective,140
375,hoyne,139
376,inform,139
377,great,139
378,principal,139
379,weather,138
380,competition,138
381,primary,138
382,selection,138
383,recently,138
384,consumption,138
385,offered,137
386,allow,137
387,previously,137
388,awarded,136
389,america,136
390,traditional,135
391,concept,135
392,investigate,134
393,shape,134
394,extreme,134
395,gulf,134
396,timber,134
397,session,134
398,deep,133
399,scholarship,133
400,explores,133
401,begin,132
402,sources,132
403,means,132
404,ground,132
405,general,132
406,north,132
407,exploring,132
408,educator,131
409,point,131
410,maps,131
411,mexico,131
412,virtual,131
413,mass,130
414,radical,130
415,experts,130
416,service,130
417,lead,130
418,preservation,129
419,necessary,129
420,discipline,128
421,island,128
422,solar,128
423,list,128
424,objectives,128
425,scenarios,128
426,territory,127
427,events,127
428,responsibility,127
429,visiting,127
430,others,127
431,narrative,127
432,activities,126
433,prior,126
434,wide,126
435,major,126
436,vision,126
437,scientific,126
438,neighborhoods,126
439,write,125
440,advance,125
441,relevant,124
442,levels,124
443,simulation,124
444,lens,123
445,institutional,123
446,emphasis,123
447,flooding,122
448,park,122
449,able,122
450,analyze,122
451,regions,122
452,migration,122
453,available,121
454,integrate,121
455,societal,121
456,planet,121
457,conference,121
458,early,121
459,profession,121
460,tool,121
461,decisions,120
462,places,120
463,ethics,120
464,patterns,120
465,ability,120
466,ap,120
467,library,119
468,species,119
469,centers,119
470,colonial,119
471,ethical,119
472,partner,119
473,strong,119
474,vulnerable,119
475,map,119
476,think,118
477,concerns,118
478,applied,117
479,organized,117
480,november,117
481,mitigation,117
482,engaging,117
483,provides,116
484,interest,116
485,anthropocene,116
486,networks,116
487,excellence,116
488,short,115
489,exploration,115
490,whose,115
491,self,115
492,policies,115
493,testing,115
494,population,115
495,oklahoma,115
496,equitable,115
497,best,114
498,fossil,114
499,plans,114
500,meet,114
